<?xml version="1.0"?>
<sports_apparel>
  <retailer>
	<company>Bennett's</company>
	<address>292 Great Mall Drive</address>
	<city>Anchorage</city>
	<state>AK</state>
	<zip_code>95628</zip_code>
	<phone>415-441-3554</phone>
	<first_order_date>2/19/2014</first_order_date>
	<last_order_date>6/9/2015</last_order_date>
	<number_of_orders>62</number_of_orders>
	<total_sales>255068</total_sales>
  </retailer>
  <retailer>
	<company>Speedy Sports</company>
	<address>1025 Westminster Mall</address>
	<city>Anchorage</city>
	<state>AK</state>
	<zip_code>90044</zip_code>
	<phone>949-465-8704</phone>
	<first_order_date>4/22/2008</first_order_date>
	<last_order_date>2/16/2016</last_order_date>
	<number_of_orders>133</number_of_orders>
	<total_sales>173964</total_sales>
  </retailer>
</sports_apparel>
