<?xml version="1.0" encoding="UTF-8" standalone="yes"?>
<rep_info xmlns:xsi="http://www.w3.org/2001/XMLSchema-instance">
	<rep>
		<first_name>Charlene</first_name>
		<last_name>Fields</last_name>
		<address>8050 East 87th Street</address>
		<city>Vancouver</city>
		<state>WA</state>
		<zip_code>98660</zip_code>
	</rep>
	<rep>
		<first_name>Benjamin</first_name>
		<last_name>Fosshat</last_name>
		<address>99 South 1st Street</address>
		<city>Vancouver</city>
		<state>WA</state>
		<zip_code>98661</zip_code>
	</rep>
	<rep>
		<first_name>Lisa</first_name>
		<last_name>White</last_name>
		<address>800 Almandine Ct</address>
		<city>Vancouver</city>
		<state>WA</state>
		<zip_code>98660</zip_code>
	</rep>
	<rep>
		<first_name>Jonathon</first_name>
		<last_name>Plocher</last_name>
		<address>334 Lido Street</address>
		<city>Seattle</city>
		<state>WA</state>
		<zip_code>98101</zip_code>
	</rep>
</rep_info>