<?xml version="1.0"?>
<rep_info>
  <rep>
	<first_name>Charlene</first_name>
	<last_name>Fields</last_name>
	<address>8050 East 87th Street</address>
	<city>Vancouver</city>
	<state>WA</state>
	<zip_code>98660</zip_code>
	<phone>360-520-5132</phone>
  </rep>
  <rep>
	<first_name>Benjamin</first_name>
	<last_name>Fosshat</last_name>
	<address>99 South 1st Street</address>
	<city>Vancouver</city>
	<state>WA</state>
	<zip_code>98661</zip_code>
	<phone>360-587-2511</phone>
  </rep>
</rep_info>
